,submarca,descricao_completa,descricao_ajustada,de_para
0,ADRIATICA,"A Cerveja Adriática 600ml foi criada pelo alemão Henrique Thielen, um visionário cervejeiro do início do século XX. Ela teve seu nome em homenagem à cervejaria que traduz toda uma era de tradição passada de pai para filho. Hoje, conhecida como a irmã mais velha da Original, ela é uma pedida certa para a mesa de bar. Reconhecidamente uma cerveja puro malte de alta qualidade, fácil de beber e com aromas especiais que dão um toque equilibrado.. . água, malte, lúpulo. cevada, glúten. . ",Cerveja Adriática 600ml criar alemão Henrique Thielen visionário cervejeiro início século XX nome homenagem cervejar traduzir tradição passar pai filhar Hoje irmão velho Original pedir certo mesa bar Reconhecidamente cervejar puro maltar alto qualidade fácil beber aromar especial tocar equilibrar água maltar lúpulo cevar glúten,
1,ANDES,"Puro malte argentino inspirado no frescor das Cordilheiras dos Andes. Cerveja mais fresca, inspirada nas cordilheiras. Ingredientes argentinos: malte e lúpulo argentinos.. Harmoniza com churrasco, choripan e queijos leves. água, malte, lúpulo. cevada, glúten. . ",Puro maltar argentino inspirar frescor Cordilheiras Andes Cerveja fresco inspirar cordilheira Ingredientes argentino maltar lúpulo argentino Harmoniza churrasco choripan queijo leve água maltar lúpulo cevar glúten,TRIPLE KARMELIET
2,BECKS,"Beck’s é uma legítima German Lager Puro Malte, que segue à risca a lei da pureza da cerveja alemã desde 1873. Seu IBU (unidade internacional de amargor) é 20. O resultado é uma cerveja de amargor intenso, sabor marcante e excepcional pureza.Ela é provocante, cheia de personalidade e com um sabor característico e único. A cerveja alemã mais vendida no mundo.. Por ser uma cerveja tradicional da Alemanha, harmoniza bem com os principais pratos alemães. Mas para quem busca alimentos mais leves ela também harmoniza com peixes grelhados, frutos do mar e saladas por conta da sua alta refrescância.. água, malte, lúpulo. cevada, glúten. 0-4 ºC. 20.0",Beck ’s legítimo German Lager Puro Malte seguir riscar lei pureza cervejar alemão 1873 IBU unidade internacional amargor 20 resultar cervejar amargor intenso sabor marcante excepcional pureza provocante cheio personalidade sabor característico único cervejar alemão vendido mundo cervejar tradicional Alemanha harmonizar principal prato alemão buscar alimento leve harmonizar peixe grelhar fruto mar salada contar alto refrescância água maltar lúpulo cevar glúten 0-4 ºC. 20.0,KWAK
3,BERRIO DO PIAUI,"Produzida e vendida somente no Piauí, ideal para aliviar o B-R-O-BRÓ sem fim do estado. Leva na receita caju plantado e colhido por pequenos produtores do estado, adquirido sem intermédios gerando renda para as regiões menos favorecidas e diminuindo o desperdício do insumo. Feita por piauienses e pensada para piauiense, sua receita é desenvolvida com ingredientes que a tornam leve e refrescante e com o sabor que o Piauí gosta.. A Berrió harmoniza bem com paçoca, arroz Maria Isabel e Capote frito.. lúpulo, água, malte, milho, suco de caju. cevada, glúten. 0-4 ºC. 7.0",Produzida vendido Piauí ideal aliviar B-R-O-BRÓ Leva receitar caju plantar colher pequeno produtor adquirir intermédio gerar render região favorecido diminuir desperdício insumo Feita piauiense pensar piauiense receitar desenvolvido ingrediente tornar levar refrescante sabor Piauí gostar Berrió harmonizar paçoca arroz Maria Isabel Capote fritar lúpulo água maltar milho suco caju cevar glúten 0-4 ºC. 7.0,BIRRA DEL BORGO
4,BUDWEISER,"O processo de produçãoda Budweiser é diferenciado, por utilizar lascas de Beechwood (madeira especial) durante os processos de fermentação e maturação. O resultado é um cerveja de sabor único e com equilíbrio perfeito: marcante no início e suave no final.. O sabor marcante no começo e suave no final de Budweiser pede que ela harmonize com hambúrguer clássico, presunto cozido e mix de castanhas.. água, malte, arroz, lúpulo. cevada, glúten. 0-4 ºC. 10.0",processar produçãoda Budweiser diferenciar utilizar lascar Beechwood madeirar especial durante processo fermentação maturação resultar cervejar sabor único equilíbrio perfazer marcante início suave sabor marcante comedir suave Budweiser pedir harmonizar hambúrguer clássico presunto cozer mix castanho água maltar arroz lúpulo cevar glúten 0-4 ºC. 10.0,BUD
5,CARACU,"Caracu, a cerveja preta FORTE E GOSTOSA, foi lançada em 1899. Hoje uma das marcas mais tradicionais do Brasil, Caracu é conhecida por seu sabor encorpado e sua energia, possui aroma de malte torrado, que faz lembrar café. E sua fama de ser uma cerveja forte não é à toa. Por não ser filtrada, Caracu é mais nutritiva, contém levedura e proteínas.. As notas de malte torrados deixam essa cerveja excelente para harmonizar com sobremesas, como torta de chocolate e sorvete de creme.. água, malte, milho, lúpulo, corante caramelo iii ins 150c. cevada, glúten. 8-12 ºC. 22.0",Caracu cervejar preto FORTE GOSTOSA lançar 1899 Hoje marcar tradicional Brasil Caracu sabor encorpar energia possuir aromar maltar torrar lembrar café fama cervejar forte toar filtrar Caracu nutritivo conter levedura proteína noto maltar torrar deixar cervejar excelente harmonizar sobremesa torto chocolate sorvete cremar água maltar milho lúpulo corante caramelo iii ins 150c cevar glúten 8-12 ºC. 22.0,GINETTE BLANCHE
6,ESMERA DE GOIAS,"Produzida e vendida exclusivamente em Goiás, para brindar os goianos e toda a cultura do estado. A receita tem mandioca do pé rachado ou seja, mandioca cultivada por agricultores da região nordeste de Goiás, adquirida sem intermédios, levando renda às famílias de regiões menos favorecidas. Feita por goianos e para goianos, Esmera é uma cerveja leve e refrescante, preparada com ingredientes do daqui para homenagear tudo que é goianos demais da conta.. Harmoniza com arroz com pequi, galinhada e pamonha salgada.. lúpulo, água, malte, mandioca, milho. cevada, glúten. 0-4 ºC. 9.0",Produzida vendido exclusivamente Goiás brindar goiano cultura receitar mandioca pé rachar ser mandioca cultivar agricultor região nordeste Goiás adquirir intermédio levar render família região favorecido Feita goiano goiano Esmera cervejar levar refrescante preparar ingrediente daqui homenagear goiano contar Harmoniza arroz pequi galinhada pamonha salgar lúpulo água maltar mandioca milho cevar glúten 0-4 ºC. 9.0,CAMDEN HELLS
7,HOEGAARDEN,"Hoegaarden é uma Witbier belga feita de trigo, não filtrada e de cor clara. As sementes de coentro e raspas de casca de laranja, utilizadas em sua receita, conferem um sabor refrescante, suave e ao mesmo tempo doce e levemente cítrico. Com um aroma marcante e sabor original, Hoegaarden ganhou o World Beer Cup® Gold Award 6 vezes e, harmoniza perfeitamente com peixes e frutos do mar.. Cervejas aromáticas como a Hoegaarden realçam o sabor de peixes, frango grelhado e ceviche. A leve acidez da cerveja ajuda a quebrar a gordura de pratos mais gordurosos, como feijoada.. água, malte de cevada, trigo, semente de coentro, casca de laranja, lúpulo, estabilizante pectina de fruta. . 4-8 ºC. 13.0",Hoegaarden Witbier belga feito trigar filtrar cor claro semente coentro raspar cascar laranjo utilizar receitar conferir sabor refrescante suave doce levemente cítrico aromar marcante sabor original Hoegaarden ganhar World Beer Cup Gold Award harmonizar perfeitamente peixe fruto mar Cervejas aromático Hoegaarden realçar sabor peixe frango grelhar ceviche levar acidez cervejar ajudar quebrar gordura prato gorduroso feijoada água maltar cevar trigar sementar coentro cascar laranjo lúpulo estabilizante pectina frutar 4-8 ºC. 13.0,HOEGAARDEN GRAND CRU
8,LEFFE,"A cerveja Leffe Blonde possui maltes selecionados que criam uma cerveja encorpada e turva. Seu aroma é extremamente maltado e aroma sabor adocicado. É uma cerveja do tipo Belgian Blond Ale com 6,6% de teor alcoólico e harmoniza com  peixes, frutos do mar e queijo gruyère ou emmental.. . água, malte de cevada, milho, cevada, açúcar, lúpulo. . . ","cervejar Leffe Blonde possuir malte selecionados criar cervejar encorpar turvo aromar extremamente maltar aromar sabor adocicar cervejar Belgian Blond Ale 6,6 teor alcoólico harmonizar peixe fruto mar queijar gruyère emmental água maltar cevar milho cevar açúcar lúpulo",LEFFE TRIPLE
9,LEGITIMA,"Feita no Ceará para os cearences, com mandioca do interior que traz leveza e refrescância para a cerveja.. Por ser uma cerveja leve vai bem com frutos do mar, peixes e amendoim.. água, malte, milho, mandioca, lúpulo. cevada, glúten. 0-4º C. 8.0",Feita Ceará cearences mandioca interior trazer leveza refrescância cervejar cervejar levar fruto mar peixe amendoim água maltar milho mandioca lúpulo cevar glúten 0-4º C. 8.0,GINETTE TRIPLE
10,MAGNIFICA DO MARANHAO,"A Magnífica é uma cerveja saborosa, leve e refrescante, que foi criada para prestigiar as raízes do estado do Maranhão e brindar o orgulho de quem é nascido e criado na região. A marca tem como princípio fomentar o desenvolvimento da economia local do Maranhão com um modelo que desenvolve a cadeia produtiva, promove engajamento social e garante investimento local. A cerveja é feita a partir da mandioca plantada e colhida na região de Tabuleiro de São Bernardo, no interior do Estado. O ingrediente típico da região está presente na cerveja que é produzida e distribuída exclusivamente no estado. A mandioca traz à cerveja refrescância e sabor, combina perfeitamente com o clima quente do Maranhão. Tem altíssima qualidade e combina perfeitamente com os sabores da gastronomia popular maranhense.. Por ser uma cerveja leve e com boa carbonatação harmoniza bem com caranguejos, saladas, mix de castanhas.. água, malte, milho, mandioca, lúpulo. . 0-4 ºC. 8.0",Magnífica cervejar saboroso levar refrescante criar prestigiar raiz Maranhão brindar orgulhar nascer criar região marcar princípio fomentar desenvolvimento economia Maranhão modelar desenvolver cadeia produtivo promover engajamento social garantir investimento cervejar feito mandioca plantar colhido região Tabuleiro Bernardo interior ingrediente típico região presentar cervejar produzir distribuir exclusivamente mandioca trazer cervejar refrescância sabor combinar perfeitamente clima quentar Maranhão alto qualidade combinar perfeitamente sabor gastronomia popular maranhense cervejar levar carbonatação harmonizar caranguejo salada mix castanho água maltar milho mandioca lúpulo 0-4 ºC. 8.0,GINETTE FRUIT
11,MICHELOB ULTRA,"Michelob Ultra é uma cerveja de baixa caloria e baixo teor de carboidratos, extremamente refrescante. São 79 calorias e 2,4g de carboidratos (por long neck, cerca de 80% menos carboidratos em relação às principais marcas do mercado*): uma escolha equilibrada para quem sabe aproveitar bem o hoje e quer aproveitar ainda mais o amanhã.. Harmoniza com comidas leves e saladas.. malte, lúpulo, arroz. . 0-4 ºC. 3.0","Michelob Ultra cervejar baixo caloria teor carboidratos extremamente refrescante 79 caloria 2,4 carboidratos long neck cercar 80 carboidratos principal marcar mercar escolher equilibrar aproveitar hoje aproveitar amanhã Harmoniza comido leve salada maltar lúpulo arroz 0-4 ºC. 3.0",GINETTE BLONDE
12,MODELO,"Maltes tostados lentamente para um sabor por mais tempo. Uma cerveja especialmente preparada com todo o capricho e excelência. Modelo, aperfeiçoando há 90 anos a arte de tostar maltes.. Harmoniza com croquete de carne, mix de nuts e tacos. água, malte, lúpulo. cevada, glúten. 0-4 ºC. 13.0",Maltes tostar lentamente sabor cervejar especialmente preparar caprichar excelência Modelo aperfeiçoar haver 90 ano arte tostar malte Harmoniza croquete carnar mix nuts taco água maltar lúpulo cevar glúten 0-4 ºC. 13.0,
13,NOSSA,"Feita no Pernambuco para os pernabucanos, com mandioca do interior que traz leveza e refrescância para a cerveja.. Por ser uma cerveja leve vai bem com frutos do mar, peixes e amendoim.. água, malte, milho, mandioca, lúpulo. cevada, glúten. 0-4 ºC. 8.0",Feita Pernambuco pernabucanos mandioca interior trazer leveza refrescância cervejar cervejar levar fruto mar peixe amendoim água maltar milho mandioca lúpulo cevar glúten 0-4 ºC. 8.0,
14,ORIGINAL,"Mais que uma simples cerveja, é uma verdadeira preciosidade engarrafada. Reconhecida por preservar sua essência, tradição e qualidade, a marca Original, criada em 1931, é considerada um clássico entre os apreciadores da bebida. Cerveja do tipo Pilsen, tem sabor suave, com leve amargor e aroma de lúpulo. A alta carbonatação garante a refrescância, fazendo desta uma das cervejas favoritas dos brasileiros.. Tradicionalmente, nada melhor do que tomar uma Original com comida de boteco em casa. Se optar por frituras, a carbonatação vai limpar e refrescar o paladar.. água, malte, milho, lúpulo. . 0-4º C. 9.5",simples cervejar verdadeiro preciosidade engarrafar Reconhecida preservar essência tradição qualidade marcar Original criar 1931 considerar clássico apreciador bebido Cerveja Pilsen sabor suave levar amargor aromar lúpulo alto carbonatação garantir refrescância fazer cervejar favorito brasileiro Tradicionalmente melhor tomar Original comido boteco casar optar fritura carbonatação limpar refrescar paladar água maltar milho lúpulo 0-4º C. 9.5,
15,POLAR,"Produzida a partir de maltes e lúpulos selecionados, Polar Export tem cor clara, processo de baixa fermentação, com aroma, sabor e amargor suaves. É uma herança do Rio Grande do Sul, onde foi lançado em 1929, na cidade de Estrela. Em 1972 o controle da Cervejaria Polar foi adquirido pela Cia. Paulista Antarctica.. Por ser uma cerveja leve, não deve ser harmonizada com pratos de sabor muito forte. Combina com petiscos como queijos leves, castanhas, amendoins e também com frutos do mar como camarão, lula, mariscos e peixe.. água, malte, milho, lúpulo. cevada, glúten. 0-4 ºC. 9.5",Produzida malte lúpulo selecionados Polar Export cor claro processar baixo fermentação aromar sabor amargor suave herança Rio Sul lançar 1929 cidade Estrela 1972 controlo Cervejaria Polar adquirir Cia. Paulista Antarctica cervejar levar harmonizar prato sabor forte Combina petisco queijo leve castanho amendoim fruto mar camarão lula marisco peixe água maltar milho lúpulo cevar glúten 0-4 ºC. 9.5,
16,SERRAMALTE,"Serramalte é uma cerveja puro malte, de cor dourado escura, encorpada, com um sabor maltado bastante presente e um amargor pronunciado.. Encorpada e mais amarga, a Serramalte combina muito com queijo parmesão.. água, malte, lúpulo. cevada, glúten. 0-4 ºC. 19.5",Serramalte cervejar puro maltar cor dourar escuro encorpar sabor maltar presentar amargor pronunciar Encorpada amargo Serramalte combinar queijar parmesão água maltar lúpulo cevar glúten 0-4 ºC. 19.5,
17,SERRANA,"Nascida na Serra, refrescante e saborosa. Presente nos estados de São Paulo, Minas Gerais e Santa Catarina nas versões 350ml, 473ml e 600ml. Uma cerveja democrática feita de ingredientes naturais, pura e fresca como as águas da Serra.. Por ser uma cerveja leve, vai bem com queijo Minas, petiscos e peixes.. água, malte, milho, lúpulo. cevada, glúten. 0-4 ºC. 8.0",Nascida Serra refrescante saboroso Presente estar Paulo Minas Gerais Santa Catarina versão 350ml 473ml 600ml cervejar democrático feito ingrediente natural puro fresco água Serra cervejar levar queijar Minas petisco peixe água maltar milho lúpulo cevar glúten 0-4 ºC. 8.0,
18,SPATEN,"Spaten é a cerveja mais pura que respeita a mesma forma de fazer cerveja desde 1397. Segue a lei da pureza. Spaten é uma das principais puro malte do mundo. Nascida em Munich, desde 1397. Harmoniza com bolinho de peixe, salada caprese e. água, malte, lúpulo. cevada, glúten. 0-4° C. 16.0",Spaten cervejar puro respeitar mesmo cervejar 1397 Segue lei pureza Spaten principal puro maltar mundo Nascida Munich 1397 Harmoniza bolo peixe salada caprese e. água maltar lúpulo cevar glúten 0-4 C. 16.0,
19,TRES FIDALGAS,"Inspirada na herança cultural da cidade de São Paulo, a Cerveja Três Fidalgas é uma Pale Ale que homenageia as Vilas Ida, Madalena e Beatriz. No século XIX, havia a história de um nobre português que dividiu suas terras entre as três filhas, dando origem às vilas que foram batizadas conforme o nome de cada fidalga. Hoje, esta região une a convivência entre o clássico e o contemporâneo, sendo considerada como uma das áreas mais boêmias do Brasil. Produzida com três tipos de malte e três tipos de lúpulo, sua receita 100% malte e sem adição de outros cereais vai te impressionar por seu sabor suave com menos amargor, sua refrescância, personalidade e identidade única!. . água, malte, lúpulo. cevada, glúten. . ",Inspirada herança cultural cidade Paulo Cerveja Fidalgas Pale Ale homenagear Vilas Ida Madalena Beatriz século XIX haver história nobre português dividir terra filho dar origem vila batizadas conformar nome fidalgo Hoje região unir convivência clássico contemporâneo ser considerar área boêmias Brasil Produzida tipo maltar tipo lúpulo receitar 100 maltar adição cereal impressionar sabor suave amargor refrescância personalidade identidade único água maltar lúpulo cevar glúten,
20,ANTARCTICA CRISTAL,"Antarctica Cristal foi a primeira cerveja brasileira com garrafa transparente, destacando, assim, sua coloração clara, típica das Pale Lagers. A Cristal possui aroma acentuado, sabor encorpado e levemente amargo, mas não deixa a refrescância de lado — aspecto importante deste tipo de cerveja.. . água, malte, milho, lúpulo. . . ",Antarctica Cristal cervejar brasileiro garrafa transparentar destacar coloração claro típico Pale Lagers Cristal possuir aromar acentuar sabor encorpar levemente amargar deixar refrescância aspecto importante cervejar água maltar milho lúpulo,
21,ANTARCTICA PILSEN,"Como toda típica cerveja do tipo pilsen, ANTARCTICA é clara e tem baixa fermentação. Tem aroma, sabor e amargor suaves. É uma clássica cerveja pilsen que combina tradição e qualidade há mais de um século. Leve e Saborosa para celebrar as coisas boas da vida. Antarctica surgiu como uma fábrica de gelo e passou a produzir cerveja um ano depois, em 1889. É o complemento perfeito para momentos de prazer e para descontrair em boa companhia. Seu aroma levemente frutado e o balanço entre a acidez e o dulçor são bastante característicos.. Combina com petiscos como castanhas e amendoins, mas também aves e carne grelhada.. água, malte, milho, lúpulo. . 0-4 ºC. 9.0",típico cervejar pilsen ANTARCTICA claro baixo fermentação aromar sabor amargor suave clássico cervejar pilsen combinar tradição qualidade haver século Leve Saborosa celebrar coisa bom vidar Antarctica surgir fábrica gelar passar produzir cervejar ano 1889 complementar perfazer momento prazer descontrair companhia aromar levemente frutar balançar acidez dulçor característico Combina petisco castanho amendoim ave carnar grelhar água maltar milho lúpulo 0-4 ºC. 9.0,
22,ANTARCTICA SUBZERO,"De tipo pilsen, caracterizado pela cor dourada, a Antarctica Sub Zero possui baixa fermentação e espuma mais duradoura. Seu diferencial é uma combinação de um líquido elaborado que a torna mais suave e refrescante.. Combina com petiscos como castanhas e amendoins, mas também aves e carne grelhada.. água, malte, milho, lúpulo. . 0-4 ºC. 7.2",pilsen caracterizar cor dourar Antarctica Sub possuir baixo fermentação espumar duradouro diferencial combinação líquido elaborar tornar suave refrescante Combina petisco castanho amendoim ave carnar grelhar água maltar milho lúpulo 0-4 ºC. 7.2,
23,BOHEMIA 14 WEISS,"Uma cerveja de trigo, refrescante e leve como os voos do 14-Bis. Por se tratar de uma Weiss, apresenta uma inevitável turbidez proveniente da não filtração, que confere a esse estilo de cerveja uma aparência característica que deu origem ao termo Weissbier ou “cerveja branca”, em alemão.. . água, malte de trigo, malte de cevada, lúpulo, levedura. . . ",cervejar trigar refrescante levar voo 14-Bis tratar Weiss apresentar inevitável turbidez proveniente filtração conferir estilar cervejar aparência característico dar origem ter Weissbier cervejar branco alemão água maltar trigar maltar cevar lúpulo levedura,
24,BOHEMIA 838 PALE ALE,"A Bohemia 838 Pale Ale é uma cerveja de amargor mais acentuado. Com aromas intensos de lúpulo, passando por notas cítricas e frutadas até uma sutil nota de malte caramelo, a 838 Pale Ale foi eleita a melhor da categoria no Festival Brasileiro da Cerveja de 2016.. . água, malte, lúpulo. . . ",Bohemia 838 Pale Ale cervejar amargor acentuar aromar intenso lúpulo passar noto cítrico frutar sutil noto maltar caramelo 838 Pale Ale eleito melhor categoria Festival Brasileiro Cerveja 2016 água maltar lúpulo,
25,BOHEMIA AURA LAGER,"Uma cerveja com coloração âmbar, característica marcante das cervejas da família Vienna Lager, obtida a partir da torra do malte no ponto exato. Clássico estilo que tem a mesma essência acolhedora de Petrópolis e traz um suave aroma de lúpulo.. . água, malte, lúpulo. . . ",cervejar coloração âmbar característico marcante cervejar família Vienna Lager obtido torrar maltar exato Clássico estilar mesmo essência acolhedor Petrópolis trazer suave aromar lúpulo água maltar lúpulo,
26,BOHEMIA MAGNA PILS,. . . . . ,,
27,BOHEMIA PURO MALTE,"Criada em 1853 pelo alemao Henrique Kremer, Bohemia é a primeira cerveja do Brasil. Produzida com matéria prima importada desde sua primeira garrafa, ela é indispensavel no copo de quem entende de cerveja.. Aromas florais do lúpulo de Bohemia ajudam a condimentar pratos como embutidos e saladas. Assim um sabor não vai sobrepor o outro.. água, malte, lúpulo. . 0-4 ºC. 9.0",Criada 1853 alemao Henrique Kremer Bohemia cervejar Brasil Produzida matéria primo importar garrafa indispensavel copar entender cervejar Aromas florir lúpulo Bohemia ajudar condimentar prato embutir salada sabor sobrepor outro água maltar lúpulo 0-4 ºC. 9.0,
28,BRAHMA CHOPP PILSEN,"A referencia do sabor de cerveja no Brasil desde 1888, a Brahma Lager é uma cerveja saborosa e balanceada, com o sabor autêntico de cerveja brasileira, com espuma cremosa e persistente, amargor presente e ligeiramente encorpada.. Por ser uma cerveja leve e bem carbonatada, combina com queijos pouco condimentados, saladas, frutos do mar e petiscos fritos.. água, malte, milho, lúpulo. . 0-4 ºC. 10.0",referenciar sabor cervejar Brasil 1888 Brahma Lager cervejar saboroso balancear sabor autêntico cervejar brasileiro espumar cremoso persistente amargor presentar ligeiramente encorpar cervejar levar carbonatar combinar queijo condimentar salada fruto mar petisco frito água maltar milho lúpulo 0-4 ºC. 10.0,
29,BRAHMA DUPLO MALTE,"O malte Pilsner é o responsavel pela leveza, enquanto o malte Munich é o responsavel pelo sabor. O resultado disso é uma cerveja de cor dourada e espuma cremosa. Uma cerveja que tem mais sabor, mas ainda mantém a leveza.. Harmoniza com amendoim, croquete de carne e batata frita.. água, malte, lúpulo. . 0-4 ºC. 11.0",maltar Pilsner responsavel leveza maltar Munich responsavel sabor resultar cervejar cor dourar espumar cremoso cervejar sabor manter leveza Harmoniza amendoim croquete carnar batata frito água maltar lúpulo 0-4 ºC. 11.0,
30,BRAHMA EXTRA LAGER,"A referencia do sabor de cerveja no Brasil desde 1888, a Brahma Lager é uma cerveja saborosa e balanceada, com o sabor autêntico de cerveja brasileira, com espuma cremosa e persistente, amargor presente e ligeiramente encorpada.. Maltada e com amargor presente, ela harmoniza com frituras como pastelzinho e coxinha de frango.. água, malte, lúpulo. . 0-4 ºC. 13.0",referenciar sabor cervejar Brasil 1888 Brahma Lager cervejar saboroso balancear sabor autêntico cervejar brasileiro espumar cremoso persistente amargor presentar ligeiramente encorpar Maltada amargor presentar harmonizar fritura pastelzinho coxa frango água maltar lúpulo 0-4 ºC. 13.0,
31,BRAHMA EXTRA RED LAGER,"A Brahma Extra Red Lager é uma cerveja que leva o melhor do puro malte extra escuro Red Lager. O sabor inconfundível e a cor marcante a transformam na cerveja ideal para acompanhar massas e queijos.. . água, malte, lúpulo. . . ",Brahma Extra Red Lager cervejar levar melhor puro maltar extra escuro Red Lager sabor inconfundível cor marcante transformar cervejar ideal acompanhar massa queijo água maltar lúpulo,GINETTE LAGER
32,BRAHMA EXTRA WEISS,"Com seu corpo moderado e sua leve acidez, Brahma Extra Weiss; é uma cerveja de baixa fermentação, com aparência clara, dourada, límpida e brilhante. Seu aroma é maltado e possui um suave herbal além de notas levemente esterificadas, ou seja, onde predomina é o éster que lembra a banana. Essa combinação contrasta com o adocicado do puro malte e com o leve amargor do lúpulo.. Cerveja de trigo refrescante e leve, harmoniza muito bem com comidas leves como saladas, frutos do mar e banana caramelada, mas também fazem um belo par com comidas apimentadas.. água, malte de trigo, malte de cevada, milho, lúpulo. . 4-8 ºC. 14.0",corpo moderar levar acidez Brahma Extra Weiss cervejar baixo fermentação aparência claro dourar límpido brilhante aromar maltar possuir suave herbal noto levemente esterificar ser predominar éster lembrar banana combinação contrastar adocicar puro maltar levar amargor lúpulo Cerveja trigar refrescante levar harmonizar comido leve salada fruto mar banana caramelada belo par comido apimentar água maltar trigar maltar cevar milho lúpulo 4-8 ºC. 14.0,
33,BRAHMA MALZIBIER,"Para quem procura uma cerveja escura e encorpada com sabor diferenciado, Brahma Malzbier é ideal, pois tem um sabor levemente adocicado e aroma de caramelo. Além disso, é muito nutritiva, por ser rica em carboidratos. Brahma lançou a primeira cerveja tipo Malzbier no mercado.. As notas de malte torrados deixam essa cerveja excelente para harmonizar com sobremesas, como torta de chocolate e sorvete de creme.. água, malte, milho, açúcar de cana, lúpulo, corante caramelo iii ins 150c. . 8-12 ºC. 8.5",procurar cervejar escuro encorpar sabor diferenciar Brahma Malzbier ideal sabor levemente adocicar aromar caramelo nutritivo rico carboidratos Brahma lançar cervejar Malzbier mercar noto maltar torrar deixar cervejar excelente harmonizar sobremesa torto chocolate sorvete cremar água maltar milho açúcar cano lúpulo corante caramelo iii ins 150c 8-12 ºC. 8.5,
34,BRAHMA REFRESH,"Uma cerveja mais leve, ideal para locais de clima quente, a Brahma Refresh veio depois de um ano e meio de pesquisas em inovação. O resultado é um líquido com um gosto mais suave e refrescante. Por isso, a Brahma Refresh foi desenvolvida especialmente para os mercados do Norte e Nordeste do Brasil.. . água, malte, milho, lúpulo. . . ",cervejar levar ideal locar clima quentar Brahma Refresh vir ano pesquisar inovação resultar líquido gostar suave refrescante Brahma Refresh desenvolvido especialmente mercar Norte Nordeste Brasil água maltar milho lúpulo,
35,BRAHMA ZERO,"O mesmo sabor da Brahma, completamente sem álcool. Brahma 0,0 tem sabor predominante de malte e notas frutadas e de lúpulo. É leve, com sabor clássico de cervejas de baixa fermentação. De cor amarelo dourada, tem baixo amargor, aftertaste baixo e uma espuma cremosa consistente. A sensação é de estar bebendo uma cerveja com álcool.. Por ser uma cerveja leve e bem carbonatada, combina com queijos pouco condimentados, saladas, frutos do mar e petiscos fritos.. água, malte, milho, açúcar de cana, lúpulo. . 0-4 ºC. 8.5","sabor Brahma completamente álcool Brahma 0,0 sabor predominante maltar noto frutar lúpulo levar sabor clássico cervejar baixo fermentação cor amarelar dourar amargor aftertaste espumar cremoso consistente sensação beber cervejar álcool cervejar levar carbonatar combinar queijo condimentar salada fruto mar petisco frito água maltar milho açúcar cano lúpulo 0-4 ºC. 8.5",
36,CERVEJARIA COLORADOCOLORADO APPIA,"A palavra Appia vem do latim e significa mel. O nome perfeito para a primeira cerveja do Brasil a utilizar mel em sua fórmula. Uma combinação exótica que, além do mel das flores das laranjeiras, é feita a partir dos melhores maltes de cevada e trigo, além de nossa exclusiva levedura de alta fermentação. Doce, encorpada e refrescante, é perfeita para quem busca novos e diferentes sabores.. “Por ser uma cerveja leve, a Colorado Appia vai combinar muito bem comidas mais leves como pernil, saladas, frango, massas e queijo brie.. cerveja, água, mel, leveduras. . 4-8 ºC. 10.0",palavra Appia latim significar mel nome perfazer cervejar Brasil utilizar mel fórmula combinação exótico mel florir laranjeira feito melhorar malte cevar trigar exclusivo levedura alto fermentação Doce encorpar refrescante perfeito buscar diferente sabor cervejar levar Colorado Appia combinar comido leve pernil salada frango massa queijar brie cervejar água mel levedura 4-8 ºC. 10.0,
37,CERVEJARIA COLORADOCOLORADO BERTHO,"A Cerveja Colorado Berthô é uma American Brown Ale feita com Bertholletia Excelsa. Mas pode chamá-la simplesmente de Berthô, a cerveja que foi buscar na culinária mais diversificada do Brasil o seu ingrediente especial: a castanha-do-Pará. O tom adocicado do malte, combinado com o amargor dos lúpulos especiais e da castanha, criam um sabor único e inconfundível, assim como a cultura paraense.. . água, malte de cevada, aveia, açúcar mascavo, castanha do pará, lúpulo, fermento. . . ",Cerveja Colorado Berthô American Brown Ale feito Bertholletia Excelsa chamá-la simplesmente Berthô cervejar buscar culinário diversificar Brasil ingrediente especial castanha-do-Pará tom adocicar maltar combinar amargor lúpulo especial castanho criar sabor único inconfundível cultura paraense água maltar cevar aveia açúcar mascavar castanho parar lúpulo fermentar,
38,CERVEJARIA COLORADOCOLORADO CAUIM,"Seu nome Cauim vem do Tupi e se refere a uma antiga bebida fermentada de cereais e mandioca, fabricada pelos índios brasileiros. Não por acaso esta deliciosa cerveja combina fermento alemão, lúpulo tcheco, cevada maltada holandesa e, é claro, a brasileiríssima mandioca.. . água, malte, fécula de mandioca, lúpulo. . . ",nome Cauim Tupi referir antigo bebido fermentar cereal mandioca fabricar índio brasileiro acaso delicioso cervejar combinar fermentar alemão lúpulo tcheco cevar maltar holandês claro brasileiríssima mandioca água maltar fécula mandioca lúpulo,
39,CERVEJARIA COLORADOCOLORADO CAUIM 016,"Esta cerveja surgiu do amor pela terra natal da Cervejaria Colorado, Ribeirão Preto. É uma Pilsen produzida com mandioca, como a Cauim original, porém, mais leve e com Dry Hopping de lúpulos franceses. O resultado é maior refrescância e um aroma inconfundível.. . água, malte, fécula de mandioca, lúpulo. . . ",cervejar surgir amor terra natal Cervejaria Colorado Ribeirão Preto Pilsen produzir mandioca Cauim original levar Dry Hopping lúpulo francês resultar refrescância aromar inconfundível água maltar fécula mandioca lúpulo,
40,CERVEJARIA COLORADOCOLORADO DEMOISELLE,"Demoiselle, uma cerveja escura como a noite e que leva café na sua formulação. Esta cerveja Porter é feita com maltes importados da mais alta qualidade e o melhor café da região da Alta Mogiana. Este café é comprado direto do produtor, moído e torrado segundo nossas especificações e macerado em água fria para só então ser adicionado ao mosto cervejeiro. Usando este método evitamos que o café perca seus melhores aromas devido às altas temperaturas presentes no processo de brassagem.. . água, malte, açúcar, extrato natural de café, lúpulo. . . ",Demoiselle cervejar escuro noite levar café formulação cervejar Porter feito malte importar alto qualidade melhor café região Alta Mogiana café comprar direto produtor moer torrar especificação macerar água frio adicionar mosto cervejeiro Usando método evitar café perder melhorar aromar dever alto temperatura presente processar brassagem água maltar açúcar extrato natural café lúpulo,
41,CERVEJARIA COLORADOCOLORADO EUGENIA,"Eugênia é uma cerveja do estilo Session IPA, com aromas marcantes dos lúpulos americanos, alemães e franceses, com um ingrediente especial: a fruta Uvaia, típica da Mata Atlântica, rica em vitamina C e A, super aromática e com sabor cítrico. A Cerveja Colorado Eugênia é leve, refrescante e amarga na medida (40 IBU). Desiberne, cerveja pode ter fruta!. . água, malte, polpa de uvaia, lúpulo, levedura, fermento. . . ",Eugênia cervejar estilar Session IPA aromar marcante lúpulo americano alemão francês ingrediente especial frutar Uvaia típico Mata Atlântica rico vitaminar super aromático sabor cítrico Cerveja Colorado Eugênia levar refrescante amargo medir 40 IBU Desiberne cervejar frutar água maltar polpa uvaia lúpulo levedura fermentar,
42,CERVEJARIA COLORADOCOLORADO GUANABARA,"A Guanabara Wood Aged é diferente. Tão diferente, que fica até difícil explicar qual o sabor dela. Mas, vamos lá: ela é uma Imperial Russian Stout com rapadura queimada do Seu Zé e da Dona Maria. Tem 10,5% de álcool e é envelhecida em barril de Umburana. Tudo, claro, vindo da nossa querida terra: o Brasil. Esse encontro de ingredientes brasileiros com o barril deu origem a um sabor que já ganhou 21 prêmios ao redor do mundo. E ainda transformou a Guanabara na cerveja mais premiada da Colorado.. . água, malte, rapadura, lúpulo. . . ","Guanabara Wood Aged diferente diferente ficar difícil explicar sabor dela ir Imperial Russian Stout rapadura queimar Zé Dona Maria 10,5 álcool envelhecido barril Umburana claro querido terra Brasil encontrar ingrediente brasileiro barril dar origem sabor ganhar 21 prêmios redor mundo transformar Guanabara cervejar premiar Colorado água maltar rapadura lúpulo",
43,CERVEJARIA COLORADOCOLORADO INDICA,"A Indica Colorado traz a legítima fórmula utilizada pelos soldados ingleses em sua longa viagem marítima até a Índia. Detalhe: com um toque especial da rapadura. Não por acaso, foi eleita pela revista Prazeres da Mesa a Cerveja do Ano e ainda recebeu 3 estrelas na publicação inglesa Pocket Beer Guide, o mais respeitado guia de cervejas do mundo.. . água, malte, rapadura, lúpulo. . . ",Indica Colorado trazer legítimo fórmula utilizar soldar inglesar longo viagem marítimo Índia Detalhe tocar especial rapadura acaso eleito revisto Prazeres Mesa Cerveja Ano receber estrelo publicação inglesar Pocket Beer Guide respeitar guiar cervejar mundo água maltar rapadura lúpulo,
44,CERVEJARIA COLORADOCOLORADO ITHACA,"O nome da cerveja Colorado Ithaca vem de uma pequena ilha grega, terra natal de Ulisses da Odisséia. Uma cerveja que já nasceu de uma luta não poderia ter outro nome. Ainda mais uma Imperial Stout que não abre mão do seu jeitinho brasileiro. É por isso que sua fórmula conta com um elemento nordestino: a rapadura queimada. O resultado é uma cerveja porreta que, assim como a alegria do Nordeste, também tem vida longa. Ela harmoniza muito bem com carnes de caça, queijos duros bem maturados, presunto cru e sobremesas como creme brulè e pudim de leite. Possui medalha de Ouro em diversos festivais como: Mondial de La Bière (2013) e Festival Brasileiro da Cerveja (2013, 2014, 2015).. . água, malte de cevada, rapadura, lúpulo. . . ",nome cervejar Colorado Ithaca pequeno ilhar grego terra natal Ulisses Odisséia cervejar nascer lutar poder outro nome Imperial Stout abrir mão jeito brasileiro fórmula contar elemento nordestino rapadura queimar resultar cervejar porreta alegria Nordeste vidar longo harmonizar carne caçar queijo duro maturar presunto cru sobremesa cremar brulè pudim leite Possui medalhar Ouro diverso festival Mondial La Bière 2013 Festival Brasileiro Cerveja 2013 2014 2015 água maltar cevar rapadura lúpulo,
45,CERVEJARIA COLORADOCOLORADO MURICA,"Apaixonados pela miscigenação brasileira, casamos a maciez da Cream Ale (família Pale Ale) com o agridoce da Graviola, fruta que nasceu no Caribe e cresce no Brasil há mais de 500 anos. Tanto, que já tem até apelido: araticum, coração-de-rainha ou jaca-do-pará, mas o nome de batismo mesmo é Annona muricata. Assim nasceu a Cerveja Colorado Murica, mais um fruto de nossa intimidade com o Brasil.. . água, malte de cevada, suco de graviola, lúpulo, fermento. . . ",Apaixonados miscigenação brasileiro casar macieza Cream Ale família Pale Ale agridoce Graviola frutar nascer Caribe crescer Brasil haver 500 ano apelidar araticum coração-de-rainha jaca-do-pará nome batismo Annona muricata nascer Cerveja Colorado Murica frutar intimidade Brasil água maltar cevar suco graviola lúpulo fermentar,
46,CERVEJARIA COLORADOCOLORADO NASSAU,"A Cerveja Colorado Nassau é uma white IPA feita com adição de caju em conjunto com Dry hopping usando o lúpulo Equinox. Cerveja clara e não filtrada, sabor marcante com amargor presente na medida, tem aroma de frutas tropicais para destacar o aroma do caju. Harmoniza muito bem com frutos do mar, comidas apimentadas e queijos fortes.. . água, malte de cevada, malte de trigo, suco de caju, lúpulo. . . ",Cerveja Colorado Nassau white IPA feito adição caju conjuntar Dry hopping usar lúpulo Equinox Cerveja claro filtrar sabor marcante amargor presentar medir aromar frutar tropicar destacar aromar caju Harmoniza fruto mar comido apimentar queijo forte água maltar cevar maltar trigar suco caju lúpulo,
47,CERVEJARIA COLORADOCOLORADO RIBEIRAO,"Uma cerveja que o nome já diz tudo. Nascida em Ribeirão Preto, nossa casa, é uma lager leve e refrescante, mas com a cara de Colorado, uma cervejaria que nunca faria mais do mesmo: cerveja clara com laranja, com IBU 20 e 4,5% de teor alcoólico com toda qualidade da primeira cervejaria artesanal do Brasil por um preço muito mais acessível do que a maioria!. A citricidade e leveza da Ribeirão Lager harmonizam com alimentos leves e frescos como peixes grelhados e saladas. O amargor ajuda a quebrar a gordura do camarão alho e óleo.. água, malte de cevada, lúpulo, extrato de casca de laranja. . 0-4º C. 20.0","cervejar nome Nascida Ribeirão Preto casar lager levar refrescante caro Colorado cervejar fazer cervejar claro laranjo IBU 20 4,5 teor alcoólico qualidade cervejar artesanal Brasil preço acessível citricidade leveza Ribeirão Lager harmonizar alimento leve fresco peixe grelhar salada amargor ajudar quebrar gordura camarão alho óleo água maltar cevar lúpulo extrato cascar laranjo 0-4º C. 20.0",
48,CERVEJARIA COLORADOCOLORADO ROSALIA,"A Cerveja Colorado Rosália traz a brasilidade das frutas vermelhas (grumixama, amora do mato e cereja do rio grande), adicionadas ao hibisco, flor símbolo do Havaí. Seu sabor leve, ácido e adocicado casa perfeitamente com o herbal proveniente do hibisco, proporcionando um aroma frutado e uma experiência única.. . água, malte de cevada, extrato aromático de hibisco, suco de amora do mato, suco de cambuci, suco de cereja-do-rio-grande, suco de grumixama, lúpulo. . . ",Cerveja Colorado Rosália trazer brasilidade frutar vermelho grumixama amora matar cereja rir adicionar hibisco flor símbolo Havaí sabor levar ácido adocicar casar perfeitamente herbal proveniente hibisco proporcionar aromar frutar experiência único água maltar cevar extrato aromático hibisco suco amora matar suco cambuci suco cereja-do-rio-grande suco grumixama lúpulo,
49,CERVEJARIA COLORADOCOLORADO VIXNU,"Vixnu, além de ser o nome de uma das principias divindades hindus, é também o nome desta deliciosa variação da receita India Pale Ale. A mistura de lúpulos americanos com o toque especial da rapadura conferem a essa cerveja um delicioso equilíbrio entre o sabor do malte e as notas cítricas do maracujá. O resultado? Um amargor agradável e persistente, ideal para quem gosta de cervejas extremas.. . água, malte de cevada, rapadura, açúcar, lúpulo, fermento. . . ",Vixnu nome principiar divindade hindu nome delicioso variação receitar India Pale Ale misturar lúpulo americano tocar especial rapadura conferir cervejar delicioso equilíbrio sabor maltar noto cítrico maracujá resultar amargor agradável persistente ideal gostar cervejar extremo água maltar cevar rapadura açúcar lúpulo fermentar,
50,CORONA,"Corona Extra é a cerveja mais vendida e a marca mais exportada do México. Esta cerveja do tipo Pilsen foi produzida pela primeira vez em 1925 pela Cervecería Modelo, localizada na Cidade do México. Possui sabor leve de baixa graduação alcoólica. Uma fatia de limão no gargalo reforça a acidez com suas doses cítricas, fazendo com que a experiência de tomar a Corona se torne especial. Corona não é só uma cerveja, é um estilo de vida. Um convite para se desconectar da rotina e aproveitar mais a vida lá fora, na praia e curtindo um pôr do sol com os amigos.. O sabor marcante e amargor presente de Corona permitem que ela harmonize com bolinhos de bacalhau, ostras temperadas ou camarões fritos. Uma fatia de limão no gargalo transforma a experiência em algo ainda mais especial.. água, malte, arroz, lúpulo. cevada, glúten. 0-4 ºC. 18.0",Corona Extra cervejar vendido marcar exportar México cervejar Pilsen produzir 1925 Cervecería Modelo localizar Cidade México Possui sabor levar baixo graduação alcoólico fatiar limão gargalo reforçar acidez dose cítrico fazer experiência tomar Corona tornar especial Corona cervejar estilar vidar convite desconectar rotina aproveitar vidar praia curtir pôr sol amigo sabor marcante amargor presentar Corona permitir harmonizar bolo bacalhau ostra temperar camarão frito fatiar limão gargalo transformar experiência especial água maltar arroz lúpulo cevar glúten 0-4 ºC. 18.0,CORONA EXTRA
51,CORONACORONITA,"Em uma garrafa de 210ml, Coronita é perfeita para momentos descontraídos e tranquilos. Leve um pack para o próximo encontro entre amigos e não esqueça de levar o limão. Corona não é só uma cerveja, é um estilo de vida. Um convite para se desconectar da rotina e aproveitar mais a vida lá fora, na praia e curtindo um pôr do sol com os amigos.A Corona clássica: gelada e com uma fatia de limão.. O sabor marcante e amargor presente de Corona permitem que ela harmonize com bolinhos de bacalhau, ostras temperadas ou camarões fritos. Uma fatia de limão no gargalo transforma a experiência em algo ainda mais especial.. água, malte, arroz, lúpulo. cevada, glúten. 0-4 ºC. 18.0",garrafa 210ml Coronita perfeito momento descontrair tranquilo Leve pack encontrar amigo esquecer levar limão Corona cervejar estilar vidar convite desconectar rotina aproveitar vidar praia curtir pôr sol amigo Corona clássico gelar fatiar limão sabor marcante amargor presentar Corona permitir harmonizar bolo bacalhau ostra temperar camarão frito fatiar limão gargalo transformar experiência especial água maltar arroz lúpulo cevar glúten 0-4 ºC. 18.0,
52,FRANZISKANER DUNKEL,"Fundada em 1363 em Munique, capital do tradicional polo cervejeiro da Bavária, a marca mantém até hoje os preceitos da Lei de Pureza da Baviera de 1516. A Franziskaner Hefe Weissbier Dunkel é uma cerveja de trigo escura. Possui sabor intenso do malte torrado, uma cerveja que agrada os amantes de cervejas escuras. Espuma abundante e cremosa. Tem um teor alcoólico de 5,5% e harmoniza com bacon, carnes vermelhas e chocolates.. . água, malte de trigo, malte de cevada, lúpulo, fermento. . . ","Fundada 1363 Munique capital tradicional polo cervejeiro Bavária marcar manter hoje preceito Lei Pureza Baviera 1516 Franziskaner Hefe Weissbier Dunkel cervejar trigar escuro Possui sabor intenso maltar torrar cervejar agradar amante cervejar escuro Espuma abundante cremoso teor alcoólico 5,5 harmonizar bacon carne vermelho chocolate água maltar trigar maltar cevar lúpulo fermentar",
53,FRANZISKANER HELL,"Fundada em 1363 em Munique, capital do tradicional polo cervejeiro da Bavária, a marca mantém até hoje os preceitos da Lei de Pureza da Baviera de 1516. A Franziskaner Hefe Weissbier Hell é uma cerveja de trigo clara, turva, com aroma frutado, lembrando banana e cravo. Espuma abundante, branca e cremosa.Tem um teor alcoólico de 5% e harmoniza com saladas, peixes e frutos do mar.. . água, malte de trigo, malte de cevada, lúpulo, fermento. . . ",Fundada 1363 Munique capital tradicional polo cervejeiro Bavária marcar manter hoje preceito Lei Pureza Baviera 1516 Franziskaner Hefe Weissbier Hell cervejar trigar claro turvo aromar frutar lembrar banana cravar Espuma abundante branco cremoso teor alcoólico harmonizar salada peixe fruto mar água maltar trigar maltar cevar lúpulo fermentar,
54,FRANZISKANER KRISTALL KLAR,"A Cerveja Franziskaner Kristall Klar passa por uma filtragem especial, que elimina a base de fermento da garrafa e possui o mais alto grau de carbonatação dentre os produtos da cervejaria Franziskaner. Esse resultado, produz uma cerveja de trigo com cor cristalina de sabor leve, refrescante e aroma levemente frutado.. . água, malte de trigo, malte de cevada, lúpulo. . . ",Cerveja Franziskaner Kristall Klar passar filtragem especial eliminar base fermentar garrafa possuir alto grau carbonatação dentre produto cervejar Franziskaner resultar produzir cervejar trigar cor cristalino sabor levar refrescante aromar levemente frutar água maltar trigar maltar cevar lúpulo,
55,GOOSE ISLANDGOOSE IPA,"A Goose Island IPA é inspirada nas tradicionais India Pale Ales que eram enviadas da Inglaterra para a Índia – altamente lupulada para preservar seu sabor distinto durante a longa viagem. O resultado é o sonho de um amante de lúpulo com um aroma frutado tropical e herbal desencadeado pelo dry hop e um sabor maltado agradável com corpo médio e um amargor equilibrado.. . água, malte, lúpulo. . . ",Goose Island IPA inspirar tradicional India Pale Ales ser enviar Inglaterra Índia altamente lupulada preservar sabor distinto durante longo viagem resultar sonhar amantar lúpulo aromar frutar tropical herbal desencadear dry hop sabor maltar agradável corpo médio amargor equilibrar água maltar lúpulo,GOOSE
56,GOOSE ISLAND HONKERS ALE,"Inspirada em visitas do fundador da marca, John Hall a pubs ingleses, a Cerveja Goose Island Honkers Ale é uma autêntica English Bitter e foi a primeira cerveja produzida pela marca. Ela combina aroma de lúpulo frutado com um rico meio malte para criar uma cerveja perfeitamente equilibrada.. . água, malte de cevada, malte de trigo, lúpulo. . . ",Inspirada visitar fundador marcar John Hall pub inglesar Cerveja Goose Island Honkers Ale autêntico English Bitter cervejar produzir marcar combinar aromar lúpulo frutar rico maltar criar cervejar perfeitamente equilibrar água maltar cevar maltar trigar lúpulo,CAMDEN PALE ALE
57,GOOSE ISLAND MIDWAY,"A Goose Island Midway é uma Session IPA leve e refrescante. Ela tem sua história toda ligada à Chicago. Seu nome é originário da Feira Mundial da cidade, de 1893. Em seu centro, estava a Midway Plaisance, uma área que exibia a primeira roda gigante do mundo, reunindo visitantes de todas as nacionalidades. Nesse espírito, a cerveja é uma session pronta para reunir amantes de cerveja de todos os cantos do planeta com seu aroma tropical de lúpulo e um agradável final maltado.. . água, malte, lúpulo. . . ",Goose Island Midway Session IPA levar refrescante história ligar Chicago nome originário Feira Mundial cidade 1893 centrar Midway Plaisance exibir rodar gigante mundo reunir visitante nacionalidade espírito cervejar session pronto reunir amante cervejar canto planeta aromar tropical lúpulo agradável maltar água maltar lúpulo,
58,GOOSE ISLAND SOFIE,"A premiada Cerveja Goose Island Sofie aterrissou no Brasil. Ela é uma Belgian Farmhouse Ale que tem 20% de sua receita refermentada com raspas de laranja em barris de vinho.. . água, malte de cevada, malte de trigo, lúpulo, levedura, cascas de laranja. . . ",premiar Cerveja Goose Island Sofie aterrissou Brasil Belgian Farmhouse Ale 20 receitar refermentar raspar laranjo barrir vinho água maltar cevar maltar trigar lúpulo levedura cascar laranjo,
59,KONA BIG WAVE,. . . . . ,,
60,KONA LONG BOARD,. . . . . ,,
61,PATAGONIA AMBER LAGER,"A cor marrom acobreada e o sabor equilibrado de malte e lúpulo da Patagonia Amber Lager não deixam dúvidas: esta é uma American Amber Lager clássica! Os maltes Melanoidin, Carared e Carapils usados em sua produção lhe conferem um aroma sutil de caramelo e boa formação de espuma. Deguste esta cerveja com bacalhau, anchovas ou frutos do mar para realçar ainda mais sua refrescância.. . água, malte, cereais não malteados, lúpulo. . . ",cor marrom acobrear sabor equilibrar maltar lúpulo Patagonia Amber Lager deixar dúvida American Amber Lager clássico malte Melanoidin Carared Carapils usar produção conferir aromar sutil caramelo formação espumar Deguste cervejar bacalhau anchova fruto mar realçar refrescância água maltar cereal malteados lúpulo,
62,PATAGONIA BOHEMIAN PILSENER,"A Patagonia Bohemian Pilsener é uma tradicional cerveja do tipo Pilsen. Ela é produzida com o lúpulo tcheco Saaz que proporciona um aroma fresco e frutado bem característico, além de uma coloração dourada profunda. Escolha pratos com frutos do mar e peixes, como anchovas ou bacalhau, para combinar com o sabor dessa cerveja argentina.. Lula frita é uma ótima pedida com Pilsen, pois a cerveja vai limpar o paladar deixando o sabor da lula intacto. Todo peixe com sabor intenso vai muito bem com esse estilo de cerveja.. água, malte, lúpulo. . 0-4 ºC. 18.0",Patagonia Bohemian Pilsener tradicional cervejar Pilsen produzir lúpulo tcheco Saaz proporcionar aromar fresco frutar característico coloração dourar profundo Escolha prato fruto mar peixe anchova bacalhau combinar sabor cervejar argentino Lula frito ótima pedir Pilsen cervejar limpar paladar deixar sabor lula intacto peixe sabor intenso estilar cervejar água maltar lúpulo 0-4 ºC. 18.0,
63,PATAGONIA WEISSE,"A Patagonia Weisse tem aroma cítrico marcante e cor clara — características tradicionais das cervejas de trigo do tipo Witbier. Notas de laranja, limão e abacaxi equilibram perfeitamente esse aroma e o sabor refrescante e pouco adocicado desta cerveja. Experimente com saladas temperadas com limão, peixes e frutos do mar para harmonizar com este clássico rótulo argentino.. O sabor e os aromas marcantes da Patagonia Weisse combinam muito bem com vários pratos com peixe.. água, maltes de cevada, trigo, cereais não malteados, lúpulo, extratos naturais de laranja, semente de coentro. . 4-8 ºC. 10.0",Patagonia Weisse aromar cítrico marcante cor claro característico tradicional cervejar trigar Witbier Notas laranjo limão abacaxi equilibrar perfeitamente aromar sabor refrescante adocicar cervejar Experimente salada temperar limão peixe fruto mar harmonizar clássico rótulo argentino sabor aromar marcante Patagonia Weisse combinar prato peixe água malte cevar trigar cereal malteados lúpulo extratos natural laranjo sementar coentro 4-8 ºC. 10.0,
64,SKOL,"A clássica redonda que anima qualquer momento. Seu nome vem da palavra escandinava skål, que significa “à vossa saúde/à nossa saúde”; expressão comum que antecede brindes. É hoje a maior do segmento no mercado brasileiro e a quinta maior do segmento no mundo. Cerveja do tipo Pilsen, Skol é uma cerveja clara, com aroma refinado e sabor leve e suave. Skol Pilsen é uma típica cerveja clara, com aroma refinado e sabor leve e suave. Seu teor de amargor é menos acentuado e seu teor alcoólico é médio.. Por ser uma cerveja leve, não deve ser harmonizada com pratos de sabor muito forte. Combina saladas, camarão e mariscos.. água, malte, milho, lúpulo. . 0-4 ºC. 8.0",clássico redondo animar nome palavra escandinavo skål significar saudar saudar expressão comum anteceder brinde hoje segmentar mercar brasileiro segmentar mundo Cerveja Pilsen Skol cervejar claro aromar refinar sabor levar suave Skol Pilsen típico cervejar claro aromar refinar sabor levar suave teor amargor acentuar teor alcoólico médio cervejar levar harmonizar prato sabor forte Combina salada camarão marisco água maltar milho lúpulo 0-4 ºC. 8.0,
65,SKOL PURO MALTE,"Só a puro malte Skol é levinha e não pesa. É perfeita para o solzão de um churrasco, com a galera na praia ou até mesmo no happy hour, sempre fazendo a diversão durar mais tempo. Leve e democrática, ela é resultado de um processo inovador que destaca o sabor do puro malte e aquele detalhe que nenhuma outra tem: desce redondo.. Uma Puro Malte leve e refrescante pede pratos igualmente leves, como aves grelhadas, salada de polvo e mix de castanhas.. água, malte, lúpulo. . 0-4 ºC. 11.0",puro maltar Skol levinha pesar perfeito solzão churrasco galera praia happy hour fazer diversão durar Leve democrático resultar processar inovador destacar sabor puro maltar detalhar descer redondo Puro Malte levar refrescante pedir prato igualmente leve ave grelhar salada polvo mix castanho água maltar lúpulo 0-4 ºC. 11.0,
66,STELLA ARTOIS,"A receita de Stella Artois foi criada, originalmente, como um presente de Natal para os habitantes da pequena cidade de Leuven, na Bélgica. Cristalina, recebeu o nome de Stella, estrela em Latim. Sua receita única produz uma cerveja com aromas suaves e notas maltadas. A experiência e a tradição cervejeira de mais de 600 anos resultam em uma lager muito bem equilibradas. Uma cerveja de sabor intenso e com final suave. Stella Artois foi criada para ser saboreada.. A Stella Artois tem equilíbrio e sofisticação. O amargor e a alta refrescância vão cortar a gordura de carnes vermelhas, já os aromas florais vão complementar a harmonização com frutos do mar.. água, malte, lúpulo. cevada, glúten. 0-4 ºC. 16.0",receitar Stella Artois criar originalmente presentar Natal habitante pequeno cidade Leuven Bélgica Cristalina receber nome Stella estrelo Latim receitar único produzir cervejar aromar suave noto maltar experiência tradição cervejeiro 600 ano resultar lager equilibrar cervejar sabor intenso suave Stella Artois criar saborear Stella Artois equilíbrio sofisticação amargor alto refrescância cortar gordura carne vermelho aromar florir complementar harmonização fruto mar água maltar lúpulo cevar glúten 0-4 ºC. 16.0,
67,STELLA ARTOIS SEM GLUTEN,"Mesmo sabor da Stélla Artois: Cerveja Puro Malte feita com com Tlúpulos nobres para um sabor único, agora sem glutén! Seus ingredientes são os mesmos da versão regular! Para garantirmos sua qualidade, seu processo produtivo conta com quatro análises que asseguram o atendimento da regulamentação para alimentos e bebidas sem glúten.. Harmoniza com Salada Caprese, Sushi e Cevivhe.. água, malte, lúpulo nobre. . 0-4 ºC. 16.0",sabor Stélla Artois Cerveja Puro Malte feito Tlúpulos nobre sabor único glutén ingrediente mesmo versão regular garantir qualidade processar produtivo contar análise assegurar atendimento regulamentação alimento bebido glúten Harmoniza Salada Caprese Sushi Cevivhe água maltar lúpulo nobre 0-4 ºC. 16.0,
68,WALS 42,"Cerveja do Estilo Saison, de receita belga. Coloração dourado âmbar.. . água, malte de cevada, açúcar, lúpulo, extrato de abacaxi, extrato de limão, extrato de coentro, extrato de amêndoa, extrato de café, levedura. . . ",Cerveja Estilo Saison receitar belga Coloração dourar âmbar água maltar cevar açúcar lúpulo extrato abacaxi extrato limão extrato coentro extrato amêndoa extrato café levedura,
69,WALS ALAMBIQUE COUNTY,"BELGIAN STRONG ALE. . cerveja produzida através de uma parceria entre a cervejaria wäls, a goose island black trippel com bananas passas, castanha de baru (típica do cerrado mineiro), maturada por 5 meses em barris de carvalho que antes foram utilizados para maturar cachaça mineira. cevada, glúten pode conter trigo. . ",BELGIAN STRONG ALE cervejar produzir parceria cervejar wäls goose island black trippel banana passar castanho baru típico cerrar mineiro maturar barrir carvalho utilizar maturar cachaça mineiro cevar glúten conter trigar,
70,WALS BELGIUM WITTE,"Cerveja de trigo de receita belga, extremamente refrescante. elaborada com pimenta da jamaica e laranja da terra, trazendo notas de especiarias sutilmente.. . água, malte, trigo, aveia, lúpulo, leveduras. . . ",Cerveja trigar receitar belga extremamente refrescante elaborar pimenta jamaica laranjo terra trazer noto especiaria sutilmente água maltar trigar aveia lúpulo levedura,
71,WALS BOHEMIAN PILSNER,"A espuma aveludada, os três tipos exóticos de lúpulo e fermento especial fazem da Cerveja Wäls Bohemian Pilsner uma cerveja dourada que aguça o paladar. Seu amargor pronunciado é característico do estilo e o aroma frutado e herbal dão o toque final para o primeiro exemplar nacional produzido no autêntico padrão Pilsner, rendendo a medalha de ouro no South Beer Cup 2012, Festival Brasileiro de Cerveja em 2013 e 2014 e eleita a melhor do mundo em 2015 pelo World Beer Awards, na categoria Lager no estilo Czech-Style Pale. Campeã Nacional com Medalha de Ouro no Estilo Czech Style Pale na WBA 2017.. . água, malte, lúpulo, leveduras. . . ",espumar aveludar tipo exótico lúpulo fermentar especial Cerveja Wäls Bohemian Pilsner cervejar dourar aguçar paladar amargor pronunciar característico estilar aromar frutar herbal tocar exemplar nacional produzir autêntico padrão Pilsner render medalhar ourar South Beer Cup 2012 Festival Brasileiro Cerveja 2013 2014 eleito melhor mundo 2015 World Beer Awards categoria Lager estilar Czech-Style Pale Campeã Nacional Medalha Ouro Estilo Czech Style Pale WBA 2017 água maltar lúpulo levedura,
72,WALS DUBBEL,"Cerveja do estilo Belgian Strong Ale Dubbel, de aparência castanha escura, espuma densa e duradoura.. . água, malte de cevada, açúcar, lúpulo, extrato de uva passa, levedura. . . ",Cerveja estilar Belgian Strong Ale Dubbel aparência castanho escuro espumar denso duradouro água maltar cevar açúcar lúpulo extrato uva passar levedura,
73,WALS HOP CORN IPA,"Essa receita parece uma pipoca de lúpulos Columbus, Cascadde, Amarillo e dry hopping de Centennieal. Receita na qual erramos na mão e atingimos 70 IBU’s. E utilizamos o polêmico milho na receita. Sinta a potência e equilíbrio da nossa cerveja com milho.. . água, malte, carboidratos, lúpulo. . . ",receitar pipocar lúpulo Columbus Cascadde Amarillo dry hopping Centennieal Receita errar mão atingir 70 IBU ’s utilizar polêmico milho receitar Sinta potência equilíbrio cervejar milho água maltar carboidratos lúpulo,
74,WALS LAGER,"A lata Wäls Läger 473ml é uma cerveja de coloração amarelo claro, bem translúcida, brilhante e com espuma cremosa branca e duradoura. No aroma tem notas moderadas de malte, lúpulo predominante floral, levemente cítrico. No sabor, dulçor de malte moderado e carbonatação média. De corpo médio-baixo, tem baixo amargor equilibrado com dulçor de malte. No retrogosto uma cerveja seca, leve dulçor de malte que persiste pouco junto com amargor, “crispy”.. Combina com comidas leves, como peixes e frango (carnes magras), petiscos, como amendoim, por exemplo, e saladas.. água, malte de cevada, lúpulo, levedura. . 0-4 ºC. 17.0",lato Wäls Läger 473ml cervejar coloração amarelar claro translúcido brilhante espumar cremoso branco duradouro aromar noto moderar maltar lúpulo predominante floral levemente cítrico sabor dulçor maltar moderar carbonatação médio corpo médio-baixo amargor equilibrar dulçor maltar retrogosto cervejar seco levar dulçor maltar persistir juntar amargor crispy Combina comido leve peixe frango carne magro petisco amendoim salada água maltar cevar lúpulo levedura 0-4 ºC. 17.0,
75,WALS LAGOINHA,. . . . . ,,
76,WALS NIOBIUM,"Coloração avermelhada, espuma cremosa e aroma acentuado de maracujá.. . água, malte de cevada, açúcar, lúpulo, levedura. . . ",Coloração avermelhar espumar cremoso aromar acentuar maracujá água maltar cevar açúcar lúpulo levedura,
77,WALS PETROLEUM,"Cerveja complexa, amadeirada, envolvente e inesquecivel desde o primeiro gole. Um escuro profundo, com alta licorosidade que vai dominar o seu paladar. Aromas variam do cacau extrato bruto à torrefação da cevada, do perfume da baunilha de orquídeas ao frutado do envelhecimento em carvalho francês.. . água, malte de cevada, açúcar mascavo, flocos de aveia, lúpulo, extrato de cacau, levedura. . . ",Cerveja complexo amadeirar envolvente inesquecivel gole escuro profundar alto licorosidade dominar paladar Aromas variar cacau extrato bruto torrefação cevar perfumar baunilha orquídea frutar envelhecimento carvalho francês água maltar cevar açúcar mascavar floco aveia lúpulo extrato cacau levedura,
78,WALS QUADRUPPEL,"Elaborada com quatro tipos de malte, nobre cepa de levedura, lúpulos especiais e especiarias. Intenso aroma e sabor de malte, chocolate, toe, mel e frutas secas. Aparência marrom-rubi, espuma densa e duradoura. Saturada por um ano em carvalho francês anteriormente marinado em cachaça genuinamente mineira. Entre as notas de madeira se destaca a baunilha.. . água, malte de cevada, açúcar, lúpulo, extrato de laranja, extrato de coentro, levedura. . . ",Elaborada tipo maltar nobre cepa levedura lúpulo especial especiaria Intenso aromar sabor maltar chocolate toar mel frutar seco Aparência marrom-rubi espumar denso duradouro Saturada ano carvalho francês anteriormente marinar cachaça genuinamente mineiro noto madeirar destacar baunilha água maltar cevar açúcar lúpulo extrato laranjo extrato coentro levedura,
79,WALS SESSION CITRA,"Session Beer é um estilo para se beber em grandes quantidades sem perder a qualidade. Esta cerveja tem massiva quantidade de lúpulo americano Citra e uma agradável base de malte.. . água, malte de cevada, lúpulo, levedura. . . ",Session Beer estilar beber quantidade perder qualidade cervejar massivo quantidade lúpulo americano Citra agradável base maltar água maltar cevar lúpulo levedura,
80,WALS SESSION FREE,. . . . . ,,
81,WALS TRIPPEL,"A criatividade faz parte do DNA da Wäls e isso se reflete na Trippel, uma cerveja temperada com coentro, casca de laranja e especiarias que lhe concedem um aroma cítrico e paladar frutado. É campeã do Festival Brasileiro de Cerveja e do Bière Beer. Cerveja do estilo Belgian Strong Ale Trippel, de cor alaranjada, espuma densa e duradoura.. . água, malte de cevada, açúcar, lúpulo, extrato de laranja, extrato de coentro, levedura. . . ",criatividade DNA Wäls reflete Trippel cervejar temperar coentro cascar laranjo especiaria conceder aromar cítrico paladar frutar campeão Festival Brasileiro Cerveja Bière Beer Cerveja estilar Belgian Strong Ale Trippel cor alaranjar espumar denso duradouro água maltar cevar açúcar lúpulo extrato laranjo extrato coentro levedura,
82,WALS VERANO,"Wäls Verano é a Pale Ale que o clima Brasileiro sempre pediu! Refrescante e leve, ao mesmo tempo com aromas e sabores marcantes!  Uma cerveja que vai te surpreender! Verano tem 5%ABV , 25 IBU’s , passa por dry hopping de lúpulo Columbus, corpo com bom balanço de maltes e muito equilíbrio.. . água, malte de cevada, lúpulo, levedura. . . ",Wäls Verano Pale Ale clima Brasileiro pedir Refrescante levar aromar sabor marcante cervejar surpreender Verano 5%ABV 25 IBU ’s passar dry hopping lúpulo Columbus corpo balançar malte equilíbrio água maltar cevar lúpulo levedura,
83,WALSX WALS,"Com coloração clara e cristalina, a Cerveja X Wäls Pilsen agrada ao paladar com seu sabor refrescante, destacado pelo equilíbrio entre o malte e o lúpulo, combinando com o aroma floral suave e marcante. De boa duração, a X Wäls é produzida com refinada técnica de lupulagem.. . água, malte de cevada, lúpulo, levedura. cevada, glúten pode conter trigo. . ",coloração claro cristalino Cerveja Wäls Pilsen agradar paladar sabor refrescante destacar equilíbrio maltar lúpulo combinar aromar floral suave marcante duração Wäls produzir refinar técnico lupulagem água maltar cevar lúpulo levedura cevar glúten conter trigar,
